6.725000e-008,4.825698e+001
6.725250e-008,4.823519e+001
6.725500e-008,4.824916e+001
6.725750e-008,4.828784e+001
6.726000e-008,4.825564e+001
6.726250e-008,4.827756e+001
6.726500e-008,4.827445e+001
6.726750e-008,4.824729e+001
6.727000e-008,4.828572e+001
6.727250e-008,4.828549e+001
6.727500e-008,4.825874e+001
6.727750e-008,4.825235e+001
6.728000e-008,4.827728e+001
6.728250e-008,4.828114e+001
6.728500e-008,4.829821e+001
6.728750e-008,4.827238e+001
6.729000e-008,4.827347e+001
6.729250e-008,4.826515e+001
6.729500e-008,4.827110e+001
6.729750e-008,4.829323e+001
6.730000e-008,4.823596e+001
6.730250e-008,4.827361e+001
6.730500e-008,4.828686e+001
6.730750e-008,4.829761e+001
6.731000e-008,4.824107e+001
6.731250e-008,4.828734e+001
6.731500e-008,4.828636e+001
6.731750e-008,4.831384e+001
6.732000e-008,4.825805e+001
6.732250e-008,4.827628e+001
6.732500e-008,4.824583e+001
6.732750e-008,4.829138e+001
6.733000e-008,4.823129e+001
6.733250e-008,4.826715e+001
6.733500e-008,4.827673e+001
6.733750e-008,4.828381e+001
6.734000e-008,4.828869e+001
6.734250e-008,4.824095e+001
6.734500e-008,4.826683e+001
6.734750e-008,4.822530e+001
6.735000e-008,4.826168e+001
6.735250e-008,4.826626e+001
6.735500e-008,4.824579e+001
6.735750e-008,4.823491e+001
6.736000e-008,4.824187e+001
6.736250e-008,4.826825e+001
6.736500e-008,4.825427e+001
6.736750e-008,4.824905e+001
6.737000e-008,4.826277e+001
6.737250e-008,4.826494e+001
6.737500e-008,4.823282e+001
6.737750e-008,4.822236e+001
6.738000e-008,4.824618e+001
6.738250e-008,4.825479e+001
6.738500e-008,4.824481e+001
6.738750e-008,4.825459e+001
6.739000e-008,4.826225e+001
6.739250e-008,4.824761e+001
6.739500e-008,4.825003e+001
6.739750e-008,4.823829e+001
6.740000e-008,4.823913e+001
6.740250e-008,4.823054e+001
6.740500e-008,4.821210e+001
6.740750e-008,4.822017e+001
6.741000e-008,4.818648e+001
6.741250e-008,4.818928e+001
6.741500e-008,4.822972e+001
6.741750e-008,4.826745e+001
6.742000e-008,4.824184e+001
6.742250e-008,4.823247e+001
6.742500e-008,4.826022e+001
6.742750e-008,4.823968e+001
6.743000e-008,4.825381e+001
6.743250e-008,4.824782e+001
6.743500e-008,4.820251e+001
6.743750e-008,4.819798e+001
6.744000e-008,4.824959e+001
6.744250e-008,4.819850e+001
6.744500e-008,4.823359e+001
6.744750e-008,4.820128e+001
6.745000e-008,4.819288e+001
6.745250e-008,4.822113e+001
6.745500e-008,4.822147e+001
6.745750e-008,4.822097e+001
6.746000e-008,4.823156e+001
6.746250e-008,4.823181e+001
6.746500e-008,4.820853e+001
6.746750e-008,4.823772e+001
6.747000e-008,4.819238e+001
6.747250e-008,4.820545e+001
6.747500e-008,4.819850e+001
6.747750e-008,4.817516e+001
6.748000e-008,4.814801e+001
6.748250e-008,4.816547e+001
6.748500e-008,4.812574e+001
6.748750e-008,4.808414e+001
6.749000e-008,4.811908e+001
6.749250e-008,4.809901e+001
6.749500e-008,4.803268e+001
6.749750e-008,4.803309e+001
6.750000e-008,4.802859e+001
6.750250e-008,4.798485e+001
6.750500e-008,4.795953e+001
6.750750e-008,4.794303e+001
6.751000e-008,4.793975e+001
6.751250e-008,4.795017e+001
6.751500e-008,4.791474e+001
6.751750e-008,4.788452e+001
6.752000e-008,4.793381e+001
6.752250e-008,4.792337e+001
6.752500e-008,4.795912e+001
6.752750e-008,4.793839e+001
6.753000e-008,4.796152e+001
6.753250e-008,4.799912e+001
6.753500e-008,4.798982e+001
6.753750e-008,4.804644e+001
6.754000e-008,4.807855e+001
6.754250e-008,4.809803e+001
6.754500e-008,4.816528e+001
6.754750e-008,4.824116e+001
6.755000e-008,4.828844e+001
6.755250e-008,4.832115e+001
6.755500e-008,4.838663e+001
6.755750e-008,4.841689e+001
6.756000e-008,4.849515e+001
6.756250e-008,4.852575e+001
6.756500e-008,4.859646e+001
6.756750e-008,4.862242e+001
6.757000e-008,4.865117e+001
6.757250e-008,4.869332e+001
6.757500e-008,4.870687e+001
6.757750e-008,4.876686e+001
6.758000e-008,4.879198e+001
6.758250e-008,4.882567e+001
6.758500e-008,4.886968e+001
6.758750e-008,4.889458e+001
6.759000e-008,4.890026e+001
6.759250e-008,4.892395e+001
6.759500e-008,4.899358e+001
6.759750e-008,4.904341e+001
6.760000e-008,4.909572e+001
6.760250e-008,4.910595e+001
6.760500e-008,4.914940e+001
6.760750e-008,4.918047e+001
6.761000e-008,4.920418e+001
6.761250e-008,4.921620e+001
6.761500e-008,4.921943e+001
6.761750e-008,4.923955e+001
6.762000e-008,4.922929e+001
6.762250e-008,4.919860e+001
6.762500e-008,4.921720e+001
6.762750e-008,4.919651e+001
6.763000e-008,4.918917e+001
6.763250e-008,4.911516e+001
6.763500e-008,4.912479e+001
6.763750e-008,4.910690e+001
6.764000e-008,4.909780e+001
6.764250e-008,4.912379e+001
6.764500e-008,4.913916e+001
6.764750e-008,4.911365e+001
6.765000e-008,4.913730e+001
6.765250e-008,4.917248e+001
6.765500e-008,4.914981e+001
6.765750e-008,4.921378e+001
6.766000e-008,4.928247e+001
6.766250e-008,4.930510e+001
6.766500e-008,4.935677e+001
6.766750e-008,4.941354e+001
6.767000e-008,4.941881e+001
6.767250e-008,4.946132e+001
6.767500e-008,4.948708e+001
6.767750e-008,4.950452e+001
6.768000e-008,4.952340e+001
6.768250e-008,4.956375e+001
6.768500e-008,4.956392e+001
6.768750e-008,4.951369e+001
6.769000e-008,4.953407e+001
6.769250e-008,4.953807e+001
6.769500e-008,4.953922e+001
6.769750e-008,4.953330e+001
6.770000e-008,4.949809e+001
6.770250e-008,4.953463e+001
6.770500e-008,4.951316e+001
6.770750e-008,4.950654e+001
6.771000e-008,4.948056e+001
6.771250e-008,4.950530e+001
6.771500e-008,4.952434e+001
6.771750e-008,4.947768e+001
6.772000e-008,4.949713e+001
6.772250e-008,4.950504e+001
6.772500e-008,4.951734e+001
6.772750e-008,4.950289e+001
6.773000e-008,4.949496e+001
6.773250e-008,4.951133e+001
6.773500e-008,4.952160e+001
6.773750e-008,4.948098e+001
6.774000e-008,4.948032e+001
6.774250e-008,4.945602e+001
6.774500e-008,4.946667e+001
6.774750e-008,4.942778e+001
6.775000e-008,4.942785e+001
6.775250e-008,4.946188e+001
6.775500e-008,4.942818e+001
6.775750e-008,4.943109e+001
6.776000e-008,4.943805e+001
6.776250e-008,4.941536e+001
6.776500e-008,4.942215e+001
6.776750e-008,4.938287e+001
6.777000e-008,4.940170e+001
6.777250e-008,4.938873e+001
6.777500e-008,4.939582e+001
6.777750e-008,4.941638e+001
6.778000e-008,4.940252e+001
6.778250e-008,4.937018e+001
6.778500e-008,4.936339e+001
6.778750e-008,4.935649e+001
6.779000e-008,4.936965e+001
6.779250e-008,4.932444e+001
6.779500e-008,4.936545e+001
6.779750e-008,4.940814e+001
6.780000e-008,4.937058e+001
6.780250e-008,4.934150e+001
6.780500e-008,4.938569e+001
6.780750e-008,4.939143e+001
6.781000e-008,4.941928e+001
6.781250e-008,4.937711e+001
6.781500e-008,4.939974e+001
6.781750e-008,4.941183e+001
6.782000e-008,4.941662e+001
6.782250e-008,4.938338e+001
6.782500e-008,4.942832e+001
6.782750e-008,4.938656e+001
6.783000e-008,4.938891e+001
6.783250e-008,4.938772e+001
6.783500e-008,4.938422e+001
6.783750e-008,4.941580e+001
6.784000e-008,4.937893e+001
6.784250e-008,4.941041e+001
6.784500e-008,4.944677e+001
6.784750e-008,4.942687e+001
6.785000e-008,4.942374e+001
6.785250e-008,4.942771e+001
6.785500e-008,4.945707e+001
6.785750e-008,4.948495e+001
6.786000e-008,4.945032e+001
6.786250e-008,4.952747e+001
6.786500e-008,4.950354e+001
6.786750e-008,4.951875e+001
6.787000e-008,4.954048e+001
6.787250e-008,4.953527e+001
6.787500e-008,4.960379e+001
6.787750e-008,4.965256e+001
6.788000e-008,4.967003e+001
6.788250e-008,4.977055e+001
6.788500e-008,4.977438e+001
6.788750e-008,4.987435e+001
6.789000e-008,4.992805e+001
6.789250e-008,5.004315e+001
6.789500e-008,5.013710e+001
6.789750e-008,5.018639e+001
6.790000e-008,5.031682e+001
6.790250e-008,5.038917e+001
6.790500e-008,5.047449e+001
6.790750e-008,5.060226e+001
6.791000e-008,5.065199e+001
6.791250e-008,5.065788e+001
6.791500e-008,5.071564e+001
6.791750e-008,5.079461e+001
6.792000e-008,5.084030e+001
6.792250e-008,5.085741e+001
6.792500e-008,5.082094e+001
6.792750e-008,5.082901e+001
6.793000e-008,5.085020e+001
6.793250e-008,5.083084e+001
6.793500e-008,5.073908e+001
6.793750e-008,5.071784e+001
6.794000e-008,5.067353e+001
6.794250e-008,5.062797e+001
6.794500e-008,5.056964e+001
6.794750e-008,5.047964e+001
6.795000e-008,5.039231e+001
6.795250e-008,5.031759e+001
6.795500e-008,5.021594e+001
6.795750e-008,5.009718e+001
6.796000e-008,5.003551e+001
6.796250e-008,4.994426e+001
6.796500e-008,4.991727e+001
6.796750e-008,4.986645e+001
6.797000e-008,4.983605e+001
6.797250e-008,4.982411e+001
6.797500e-008,4.987901e+001
6.797750e-008,4.991751e+001
6.798000e-008,5.000862e+001
6.798250e-008,5.010402e+001
6.798500e-008,5.021419e+001
6.798750e-008,5.033440e+001
6.799000e-008,5.051953e+001
6.799250e-008,5.069228e+001
6.799500e-008,5.082289e+001
6.799750e-008,5.098334e+001
6.800000e-008,5.110777e+001
6.800250e-008,5.117534e+001
6.800500e-008,5.120277e+001
6.800750e-008,5.128912e+001
6.801000e-008,5.127097e+001
6.801250e-008,5.127143e+001
6.801500e-008,5.119331e+001
6.801750e-008,5.113301e+001
6.802000e-008,5.106746e+001
6.802250e-008,5.101683e+001
6.802500e-008,5.094360e+001
6.802750e-008,5.090371e+001
6.803000e-008,5.088298e+001
6.803250e-008,5.095042e+001
6.803500e-008,5.099591e+001
6.803750e-008,5.110287e+001
6.804000e-008,5.120586e+001
6.804250e-008,5.138616e+001
6.804500e-008,5.159272e+001
6.804750e-008,5.177418e+001
6.805000e-008,5.197805e+001
6.805250e-008,5.220391e+001
6.805500e-008,5.245181e+001
6.805750e-008,5.264281e+001
6.806000e-008,5.286496e+001
6.806250e-008,5.299827e+001
6.806500e-008,5.310511e+001
6.806750e-008,5.319870e+001
6.807000e-008,5.329752e+001
6.807250e-008,5.327751e+001
6.807500e-008,5.324164e+001
6.807750e-008,5.325217e+001
6.808000e-008,5.316026e+001
6.808250e-008,5.308853e+001
6.808500e-008,5.297450e+001
6.808750e-008,5.283462e+001
6.809000e-008,5.270051e+001
6.809250e-008,5.250036e+001
6.809500e-008,5.233566e+001
6.809750e-008,5.215338e+001
6.810000e-008,5.193306e+001
6.810250e-008,5.170661e+001
6.810500e-008,5.150322e+001
6.810750e-008,5.134303e+001
6.811000e-008,5.114321e+001
6.811250e-008,5.095249e+001
6.811500e-008,5.073779e+001
6.811750e-008,5.056897e+001
6.812000e-008,5.044383e+001
6.812250e-008,5.036587e+001
6.812500e-008,5.035173e+001
6.812750e-008,5.032526e+001
6.813000e-008,5.032127e+001
6.813250e-008,5.036113e+001
6.813500e-008,5.040434e+001
6.813750e-008,5.050114e+001
6.814000e-008,5.056911e+001
6.814250e-008,5.066704e+001
6.814500e-008,5.075277e+001
6.814750e-008,5.080462e+001
6.815000e-008,5.089226e+001
6.815250e-008,5.088796e+001
6.815500e-008,5.093961e+001
6.815750e-008,5.088264e+001
6.816000e-008,5.084333e+001
6.816250e-008,5.076303e+001
6.816500e-008,5.070486e+001
6.816750e-008,5.055862e+001
6.817000e-008,5.042489e+001
6.817250e-008,5.037358e+001
6.817500e-008,5.019891e+001
6.817750e-008,5.009275e+001
6.818000e-008,4.997910e+001
6.818250e-008,4.983930e+001
6.818500e-008,4.972206e+001
6.818750e-008,4.964460e+001
6.819000e-008,4.950286e+001
6.819250e-008,4.933957e+001
6.819500e-008,4.921350e+001
6.819750e-008,4.897974e+001
6.820000e-008,4.885036e+001
6.820250e-008,4.864324e+001
6.820500e-008,4.842577e+001
6.820750e-008,4.821974e+001
6.821000e-008,4.798984e+001
6.821250e-008,4.777163e+001
6.821500e-008,4.752618e+001
6.821750e-008,4.736587e+001
6.822000e-008,4.711313e+001
6.822250e-008,4.695027e+001
6.822500e-008,4.677083e+001
6.822750e-008,4.659799e+001
6.823000e-008,4.642120e+001
6.823250e-008,4.623042e+001
6.823500e-008,4.604003e+001
6.823750e-008,4.583876e+001
6.824000e-008,4.562538e+001
6.824250e-008,4.536374e+001
6.824500e-008,4.512917e+001
6.824750e-008,4.485588e+001
6.825000e-008,4.453883e+001
6.825250e-008,4.421630e+001
6.825500e-008,4.393769e+001
6.825750e-008,4.363596e+001
6.826000e-008,4.322647e+001
6.826250e-008,4.293460e+001
6.826500e-008,4.268472e+001
6.826750e-008,4.247096e+001
6.827000e-008,4.230755e+001
6.827250e-008,4.216641e+001
6.827500e-008,4.218262e+001
6.827750e-008,4.219944e+001
6.828000e-008,4.227225e+001
6.828250e-008,4.243721e+001
6.828500e-008,4.265982e+001
6.828750e-008,4.298334e+001
6.829000e-008,4.325392e+001
6.829250e-008,4.357449e+001
6.829500e-008,4.400700e+001
6.829750e-008,4.431089e+001
6.830000e-008,4.464196e+001
6.830250e-008,4.494423e+001
6.830500e-008,4.517825e+001
6.830750e-008,4.542103e+001
6.831000e-008,4.552970e+001
6.831250e-008,4.561847e+001
6.831500e-008,4.558113e+001
6.831750e-008,4.549700e+001
6.832000e-008,4.537437e+001
6.832250e-008,4.517476e+001
6.832500e-008,4.485858e+001
6.832750e-008,4.456171e+001
6.833000e-008,4.425306e+001
6.833250e-008,4.395311e+001
6.833500e-008,4.351690e+001
6.833750e-008,4.311300e+001
6.834000e-008,4.275605e+001
6.834250e-008,4.239898e+001
6.834500e-008,4.209284e+001
6.834750e-008,4.175134e+001
6.835000e-008,4.144240e+001
6.835250e-008,4.122082e+001
6.835500e-008,4.103709e+001
6.835750e-008,4.084741e+001
6.836000e-008,4.069887e+001
6.836250e-008,4.054194e+001
6.836500e-008,4.042771e+001
6.836750e-008,4.040225e+001
6.837000e-008,4.030783e+001
6.837250e-008,4.021942e+001
6.837500e-008,4.017813e+001
6.837750e-008,4.006709e+001
6.838000e-008,3.999334e+001
6.838250e-008,3.989054e+001
6.838500e-008,3.978799e+001
6.838750e-008,3.969869e+001
6.839000e-008,3.958947e+001
6.839250e-008,3.947848e+001
6.839500e-008,3.937634e+001
6.839750e-008,3.929650e+001
6.840000e-008,3.921710e+001
6.840250e-008,3.917367e+001
6.840500e-008,3.921843e+001
6.840750e-008,3.922343e+001
6.841000e-008,3.932405e+001
6.841250e-008,3.943594e+001
6.841500e-008,3.964451e+001
6.841750e-008,3.986918e+001
6.842000e-008,4.017041e+001
6.842250e-008,4.048446e+001
6.842500e-008,4.083403e+001
6.842750e-008,4.129469e+001
6.843000e-008,4.171287e+001
6.843250e-008,4.220960e+001
6.843500e-008,4.272642e+001
6.843750e-008,4.327583e+001
6.844000e-008,4.381341e+001
6.844250e-008,4.433698e+001
6.844500e-008,4.477608e+001
6.844750e-008,4.529929e+001
6.845000e-008,4.578129e+001
6.845250e-008,4.630876e+001
6.845500e-008,4.682049e+001
6.845750e-008,4.730366e+001
6.846000e-008,4.774620e+001
6.846250e-008,4.819898e+001
6.846500e-008,4.862648e+001
6.846750e-008,4.903324e+001
6.847000e-008,4.949676e+001
6.847250e-008,4.988019e+001
6.847500e-008,5.029287e+001
6.847750e-008,5.067722e+001
6.848000e-008,5.107269e+001
6.848250e-008,5.143443e+001
6.848500e-008,5.185823e+001
6.848750e-008,5.219782e+001
6.849000e-008,5.251178e+001
6.849250e-008,5.290447e+001
6.849500e-008,5.321500e+001
6.849750e-008,5.349307e+001
6.850000e-008,5.376455e+001
6.850250e-008,5.401079e+001
6.850500e-008,5.419266e+001
6.850750e-008,5.440651e+001
6.851000e-008,5.456238e+001
6.851250e-008,5.469916e+001
6.851500e-008,5.479952e+001
6.851750e-008,5.484767e+001
6.852000e-008,5.493312e+001
6.852250e-008,5.493676e+001
6.852500e-008,5.498599e+001
6.852750e-008,5.495152e+001
6.853000e-008,5.496841e+001
6.853250e-008,5.489783e+001
6.853500e-008,5.492586e+001
6.853750e-008,5.489455e+001
6.854000e-008,5.485739e+001
6.854250e-008,5.494288e+001
6.854500e-008,5.493897e+001
6.854750e-008,5.498586e+001
6.855000e-008,5.498773e+001
6.855250e-008,5.510054e+001
6.855500e-008,5.524157e+001
6.855750e-008,5.531109e+001
6.856000e-008,5.551699e+001
6.856250e-008,5.568827e+001
6.856500e-008,5.583548e+001
6.856750e-008,5.604039e+001
6.857000e-008,5.627566e+001
6.857250e-008,5.647303e+001
6.857500e-008,5.671833e+001
6.857750e-008,5.686444e+001
6.858000e-008,5.704715e+001
6.858250e-008,5.720840e+001
6.858500e-008,5.743021e+001
6.858750e-008,5.753468e+001
6.859000e-008,5.775385e+001
6.859250e-008,5.784996e+001
6.859500e-008,5.795289e+001
6.859750e-008,5.811114e+001
6.860000e-008,5.825183e+001
6.860250e-008,5.838544e+001
6.860500e-008,5.851683e+001
6.860750e-008,5.867987e+001
6.861000e-008,5.882708e+001
6.861250e-008,5.899606e+001
6.861500e-008,5.924825e+001
6.861750e-008,5.950735e+001
6.862000e-008,5.971857e+001
6.862250e-008,5.997774e+001
6.862500e-008,6.022337e+001
6.862750e-008,6.046391e+001
6.863000e-008,6.077479e+001
6.863250e-008,6.102664e+001
6.863500e-008,6.129965e+001
6.863750e-008,6.152978e+001
6.864000e-008,6.170424e+001
6.864250e-008,6.199425e+001
6.864500e-008,6.214201e+001
6.864750e-008,6.227793e+001
6.865000e-008,6.247319e+001
6.865250e-008,6.257063e+001
6.865500e-008,6.259879e+001
6.865750e-008,6.264445e+001
6.866000e-008,6.268798e+001
6.866250e-008,6.273032e+001
6.866500e-008,6.275754e+001
6.866750e-008,6.268201e+001
6.867000e-008,6.265686e+001
6.867250e-008,6.261800e+001
6.867500e-008,6.251539e+001
6.867750e-008,6.235948e+001
6.868000e-008,6.222774e+001
6.868250e-008,6.207743e+001
6.868500e-008,6.184769e+001
6.868750e-008,6.169330e+001
6.869000e-008,6.149563e+001
6.869250e-008,6.127471e+001
6.869500e-008,6.095309e+001
6.869750e-008,6.074134e+001
6.870000e-008,6.035544e+001
6.870250e-008,6.000484e+001
6.870500e-008,5.961145e+001
6.870750e-008,5.916976e+001
6.871000e-008,5.881869e+001
6.871250e-008,5.840430e+001
6.871500e-008,5.785521e+001
6.871750e-008,5.732602e+001
6.872000e-008,5.676157e+001
6.872250e-008,5.628956e+001
6.872500e-008,5.567051e+001
6.872750e-008,5.506227e+001
6.873000e-008,5.456731e+001
6.873250e-008,5.399633e+001
6.873500e-008,5.333253e+001
6.873750e-008,5.280967e+001
6.874000e-008,5.226970e+001
6.874250e-008,5.172810e+001
6.874500e-008,5.118709e+001
6.874750e-008,5.068119e+001
6.875000e-008,5.018215e+001
6.875250e-008,4.969712e+001
6.875500e-008,4.931731e+001
6.875750e-008,4.891947e+001
6.876000e-008,4.852050e+001
6.876250e-008,4.828109e+001
6.876500e-008,4.798234e+001
6.876750e-008,4.777084e+001
6.877000e-008,4.756377e+001
6.877250e-008,4.743963e+001
6.877500e-008,4.727679e+001
6.877750e-008,4.723365e+001
6.878000e-008,4.715810e+001
6.878250e-008,4.713171e+001
6.878500e-008,4.714134e+001
6.878750e-008,4.713193e+001
6.879000e-008,4.717375e+001
6.879250e-008,4.723309e+001
6.879500e-008,4.730482e+001
6.879750e-008,4.738904e+001
6.880000e-008,4.747575e+001
6.880250e-008,4.758134e+001
6.880500e-008,4.777990e+001
6.880750e-008,4.797476e+001
6.881000e-008,4.822933e+001
6.881250e-008,4.845536e+001
6.881500e-008,4.878202e+001
6.881750e-008,4.917267e+001
6.882000e-008,4.964155e+001
6.882250e-008,5.008350e+001
6.882500e-008,5.062682e+001
6.882750e-008,5.112026e+001
6.883000e-008,5.183054e+001
6.883250e-008,5.241259e+001
6.883500e-008,5.306506e+001
6.883750e-008,5.373693e+001
6.884000e-008,5.432896e+001
6.884250e-008,5.497630e+001
6.884500e-008,5.561822e+001
6.884750e-008,5.619805e+001
6.885000e-008,5.667911e+001
6.885250e-008,5.709751e+001
6.885500e-008,5.748773e+001
6.885750e-008,5.775228e+001
6.886000e-008,5.789795e+001
6.886250e-008,5.796462e+001
6.886500e-008,5.784172e+001
6.886750e-008,5.772968e+001
6.887000e-008,5.743187e+001
6.887250e-008,5.701053e+001
6.887500e-008,5.649929e+001
6.887750e-008,5.598715e+001
6.888000e-008,5.536990e+001
6.888250e-008,5.458863e+001
6.888500e-008,5.389524e+001
6.888750e-008,5.316200e+001
6.889000e-008,5.249391e+001
6.889250e-008,5.161711e+001
6.889500e-008,5.086303e+001
6.889750e-008,5.012227e+001
6.890000e-008,4.936771e+001
6.890250e-008,4.875808e+001
6.890500e-008,4.822256e+001
6.890750e-008,4.761589e+001
6.891000e-008,4.724687e+001
6.891250e-008,4.685719e+001
6.891500e-008,4.657113e+001
6.891750e-008,4.638988e+001
6.892000e-008,4.629965e+001
6.892250e-008,4.628918e+001
6.892500e-008,4.636577e+001
6.892750e-008,4.653148e+001
6.893000e-008,4.675982e+001
6.893250e-008,4.709910e+001
6.893500e-008,4.752880e+001
6.893750e-008,4.798326e+001
6.894000e-008,4.850656e+001
6.894250e-008,4.911353e+001
6.894500e-008,4.969268e+001
6.894750e-008,5.041579e+001
6.895000e-008,5.094341e+001
6.895250e-008,5.162406e+001
6.895500e-008,5.215273e+001
6.895750e-008,5.277262e+001
6.896000e-008,5.320529e+001
6.896250e-008,5.368930e+001
6.896500e-008,5.406769e+001
6.896750e-008,5.435425e+001
6.897000e-008,5.456266e+001
6.897250e-008,5.468660e+001
6.897500e-008,5.474793e+001
6.897750e-008,5.469543e+001
6.898000e-008,5.457561e+001
6.898250e-008,5.438029e+001
6.898500e-008,5.421906e+001
6.898750e-008,5.391927e+001
6.899000e-008,5.361473e+001
6.899250e-008,5.329528e+001
6.899500e-008,5.299705e+001
6.899750e-008,5.262651e+001
6.900000e-008,5.235155e+001
6.900250e-008,5.201809e+001
6.900500e-008,5.175358e+001
6.900750e-008,5.148640e+001
6.901000e-008,5.122619e+001
6.901250e-008,5.104856e+001
6.901500e-008,5.086906e+001
6.901750e-008,5.072415e+001
6.902000e-008,5.062715e+001
6.902250e-008,5.057090e+001
6.902500e-008,5.052567e+001
6.902750e-008,5.051779e+001
6.903000e-008,5.055275e+001
6.903250e-008,5.062902e+001
6.903500e-008,5.075594e+001
6.903750e-008,5.087180e+001
6.904000e-008,5.103320e+001
6.904250e-008,5.121537e+001
6.904500e-008,5.136729e+001
6.904750e-008,5.161479e+001
6.905000e-008,5.180666e+001
6.905250e-008,5.203316e+001
6.905500e-008,5.220944e+001
6.905750e-008,5.242823e+001
6.906000e-008,5.260009e+001
6.906250e-008,5.270514e+001
6.906500e-008,5.280804e+001
6.906750e-008,5.286949e+001
6.907000e-008,5.283095e+001
6.907250e-008,5.276105e+001
6.907500e-008,5.266855e+001
6.907750e-008,5.250006e+001
6.908000e-008,5.224107e+001
6.908250e-008,5.200410e+001
6.908500e-008,5.170644e+001
6.908750e-008,5.134198e+001
6.909000e-008,5.100760e+001
6.909250e-008,5.064160e+001
6.909500e-008,5.028961e+001
6.909750e-008,4.994938e+001
6.910000e-008,4.968351e+001
6.910250e-008,4.946317e+001
6.910500e-008,4.920174e+001
6.910750e-008,4.899080e+001
6.911000e-008,4.884300e+001
6.911250e-008,4.873749e+001
6.911500e-008,4.873166e+001
6.911750e-008,4.869412e+001
6.912000e-008,4.872393e+001
6.912250e-008,4.875207e+001
6.912500e-008,4.882699e+001
6.912750e-008,4.898105e+001
6.913000e-008,4.903688e+001
6.913250e-008,4.909845e+001
6.913500e-008,4.922671e+001
6.913750e-008,4.931691e+001
6.914000e-008,4.939104e+001
6.914250e-008,4.944681e+001
6.914500e-008,4.951355e+001
6.914750e-008,4.956670e+001
6.915000e-008,4.958158e+001
6.915250e-008,4.961607e+001
6.915500e-008,4.964897e+001
6.915750e-008,4.966635e+001
6.916000e-008,4.969839e+001
6.916250e-008,4.973827e+001
6.916500e-008,4.975980e+001
6.916750e-008,4.976697e+001
6.917000e-008,4.982016e+001
6.917250e-008,4.984653e+001
6.917500e-008,4.990852e+001
6.917750e-008,4.988839e+001
6.918000e-008,4.989949e+001
6.918250e-008,4.988589e+001
6.918500e-008,4.991560e+001
6.918750e-008,4.991022e+001
6.919000e-008,4.985107e+001
6.919250e-008,4.985039e+001
6.919500e-008,4.985096e+001
6.919750e-008,4.978150e+001
6.920000e-008,4.976735e+001
6.920250e-008,4.971400e+001
6.920500e-008,4.970914e+001
6.920750e-008,4.971198e+001
6.921000e-008,4.969367e+001
6.921250e-008,4.973722e+001
6.921500e-008,4.980051e+001
6.921750e-008,4.983902e+001
6.922000e-008,4.990428e+001
6.922250e-008,5.002781e+001
6.922500e-008,5.016551e+001
6.922750e-008,5.028173e+001
6.923000e-008,5.039888e+001
6.923250e-008,5.049947e+001
6.923500e-008,5.066317e+001
6.923750e-008,5.080512e+001
6.924000e-008,5.091242e+001
6.924250e-008,5.098996e+001
6.924500e-008,5.106987e+001
6.924750e-008,5.114797e+001
6.925000e-008,5.118849e+001
6.925250e-008,5.122970e+001
6.925500e-008,5.131149e+001
6.925750e-008,5.137836e+001
6.926000e-008,5.141336e+001
6.926250e-008,5.152386e+001
6.926500e-008,5.157451e+001
6.926750e-008,5.169777e+001
6.927000e-008,5.180979e+001
6.927250e-008,5.197584e+001
6.927500e-008,5.209678e+001
6.927750e-008,5.231822e+001
6.928000e-008,5.250979e+001
6.928250e-008,5.273551e+001
6.928500e-008,5.294294e+001
6.928750e-008,5.318461e+001
6.929000e-008,5.335625e+001
6.929250e-008,5.359454e+001
6.929500e-008,5.373962e+001
6.929750e-008,5.391996e+001
6.930000e-008,5.399237e+001
6.930250e-008,5.399122e+001
6.930500e-008,5.400264e+001
6.930750e-008,5.396746e+001
6.931000e-008,5.382938e+001
6.931250e-008,5.374095e+001
6.931500e-008,5.348669e+001
6.931750e-008,5.325227e+001
6.932000e-008,5.301221e+001
6.932250e-008,5.273618e+001
6.932500e-008,5.242997e+001
6.932750e-008,5.210840e+001
6.933000e-008,5.172023e+001
6.933250e-008,5.144090e+001
6.933500e-008,5.118798e+001
6.933750e-008,5.088536e+001
6.934000e-008,5.065567e+001
6.934250e-008,5.041560e+001
6.934500e-008,5.021986e+001
6.934750e-008,5.004743e+001
6.935000e-008,4.991286e+001
6.935250e-008,4.980345e+001
6.935500e-008,4.969707e+001
6.935750e-008,4.965535e+001
6.936000e-008,4.957884e+001
6.936250e-008,4.954292e+001
6.936500e-008,4.956919e+001
6.936750e-008,4.957202e+001
6.937000e-008,4.961161e+001
6.937250e-008,4.965790e+001
6.937500e-008,4.971814e+001
6.937750e-008,4.977885e+001
6.938000e-008,4.987597e+001
6.938250e-008,4.988033e+001
6.938500e-008,4.996998e+001
6.938750e-008,5.002670e+001
6.939000e-008,5.003483e+001
6.939250e-008,5.010951e+001
6.939500e-008,5.009412e+001
6.939750e-008,5.012099e+001
6.940000e-008,5.004128e+001
6.940250e-008,5.004809e+001
6.940500e-008,4.998214e+001
6.940750e-008,4.991265e+001
6.941000e-008,4.985322e+001
6.941250e-008,4.977936e+001
6.941500e-008,4.964484e+001
6.941750e-008,4.958842e+001
6.942000e-008,4.950394e+001
6.942250e-008,4.942101e+001
6.942500e-008,4.933453e+001
6.942750e-008,4.927839e+001
6.943000e-008,4.928384e+001
6.943250e-008,4.929651e+001
6.943500e-008,4.934978e+001
6.943750e-008,4.941986e+001
6.944000e-008,4.947041e+001
6.944250e-008,4.960555e+001
6.944500e-008,4.970233e+001
6.944750e-008,4.980202e+001
6.945000e-008,4.997489e+001
6.945250e-008,5.007207e+001
6.945500e-008,5.023440e+001
6.945750e-008,5.030717e+001
6.946000e-008,5.046097e+001
6.946250e-008,5.054143e+001
6.946500e-008,5.065137e+001
6.946750e-008,5.068903e+001
6.947000e-008,5.068416e+001
6.947250e-008,5.073692e+001
6.947500e-008,5.073287e+001
6.947750e-008,5.066087e+001
6.948000e-008,5.063246e+001
6.948250e-008,5.053734e+001
6.948500e-008,5.037427e+001
6.948750e-008,5.030385e+001
6.949000e-008,5.015499e+001
6.949250e-008,5.001869e+001
6.949500e-008,4.989190e+001
6.949750e-008,4.978379e+001
6.950000e-008,4.968982e+001
6.950250e-008,4.961138e+001
6.950500e-008,4.951599e+001
6.950750e-008,4.945945e+001
6.951000e-008,4.946282e+001
6.951250e-008,4.946962e+001
6.951500e-008,4.953300e+001
6.951750e-008,4.958748e+001
6.952000e-008,4.969773e+001
6.952250e-008,4.981837e+001
6.952500e-008,4.995646e+001
6.952750e-008,5.012755e+001
6.953000e-008,5.030325e+001
6.953250e-008,5.049300e+001
6.953500e-008,5.065362e+001
6.953750e-008,5.087190e+001
6.954000e-008,5.111359e+001
6.954250e-008,5.130660e+001
6.954500e-008,5.148389e+001
6.954750e-008,5.166960e+001
6.955000e-008,5.181305e+001
6.955250e-008,5.196051e+001
6.955500e-008,5.210705e+001
6.955750e-008,5.222139e+001
6.956000e-008,5.230302e+001
6.956250e-008,5.235477e+001
6.956500e-008,5.241527e+001
6.956750e-008,5.243316e+001
6.957000e-008,5.245339e+001
6.957250e-008,5.243626e+001
6.957500e-008,5.242922e+001
6.957750e-008,5.236266e+001
6.958000e-008,5.230536e+001
6.958250e-008,5.224265e+001
6.958500e-008,5.216092e+001
6.958750e-008,5.206593e+001
6.959000e-008,5.198414e+001
6.959250e-008,5.185119e+001
6.959500e-008,5.175130e+001
6.959750e-008,5.163470e+001
6.960000e-008,5.150867e+001
6.960250e-008,5.141647e+001
6.960500e-008,5.132265e+001
6.960750e-008,5.118324e+001
6.961000e-008,5.107289e+001
6.961250e-008,5.098806e+001
6.961500e-008,5.094637e+001
6.961750e-008,5.084683e+001
6.962000e-008,5.076124e+001
6.962250e-008,5.071964e+001
6.962500e-008,5.072685e+001
6.962750e-008,5.069489e+001
6.963000e-008,5.064890e+001
6.963250e-008,5.067729e+001
6.963500e-008,5.067693e+001
6.963750e-008,5.068847e+001
6.964000e-008,5.073774e+001
6.964250e-008,5.080464e+001
6.964500e-008,5.083182e+001
6.964750e-008,5.082935e+001
6.965000e-008,5.092122e+001
6.965250e-008,5.094392e+001
6.965500e-008,5.095814e+001
6.965750e-008,5.096347e+001
6.966000e-008,5.105049e+001
6.966250e-008,5.105387e+001
6.966500e-008,5.102257e+001
6.966750e-008,5.099811e+001
6.967000e-008,5.102356e+001
6.967250e-008,5.099037e+001
6.967500e-008,5.094543e+001
6.967750e-008,5.087411e+001
6.968000e-008,5.075953e+001
6.968250e-008,5.071993e+001
6.968500e-008,5.066439e+001
6.968750e-008,5.062768e+001
6.969000e-008,5.053940e+001
6.969250e-008,5.042267e+001
6.969500e-008,5.029550e+001
6.969750e-008,5.021224e+001
6.970000e-008,5.013132e+001
6.970250e-008,5.005495e+001
6.970500e-008,4.995835e+001
6.970750e-008,4.986403e+001
6.971000e-008,4.982760e+001
6.971250e-008,4.978249e+001
6.971500e-008,4.976164e+001
6.971750e-008,4.973463e+001
6.972000e-008,4.974556e+001
6.972250e-008,4.973978e+001
6.972500e-008,4.974203e+001
6.972750e-008,4.979828e+001
6.973000e-008,4.984398e+001
6.973250e-008,4.991251e+001
6.973500e-008,4.991395e+001
6.973750e-008,4.998644e+001
6.974000e-008,5.005623e+001
6.974250e-008,5.011387e+001
6.974500e-008,5.016584e+001
6.974750e-008,5.019742e+001
6.975000e-008,5.025472e+001
6.975250e-008,5.028567e+001
6.975500e-008,5.034355e+001
6.975750e-008,5.034146e+001
6.976000e-008,5.033406e+001
6.976250e-008,5.037210e+001
6.976500e-008,5.035109e+001
6.976750e-008,5.029486e+001
6.977000e-008,5.029263e+001
6.977250e-008,5.023915e+001
6.977500e-008,5.020242e+001
6.977750e-008,5.019094e+001
6.978000e-008,5.017070e+001
6.978250e-008,5.011391e+001
6.978500e-008,5.006954e+001
6.978750e-008,5.007877e+001
6.979000e-008,5.004150e+001
6.979250e-008,5.003280e+001
6.979500e-008,5.004958e+001
6.979750e-008,5.006353e+001
6.980000e-008,5.010790e+001
6.980250e-008,5.015491e+001
6.980500e-008,5.018336e+001
6.980750e-008,5.026235e+001
6.981000e-008,5.031374e+001
6.981250e-008,5.041624e+001
6.981500e-008,5.054890e+001
6.981750e-008,5.063694e+001
6.982000e-008,5.072932e+001
6.982250e-008,5.082606e+001
6.982500e-008,5.091894e+001
6.982750e-008,5.103055e+001
6.983000e-008,5.113823e+001
6.983250e-008,5.120407e+001
6.983500e-008,5.130887e+001
6.983750e-008,5.140141e+001
6.984000e-008,5.145473e+001
6.984250e-008,5.156174e+001
6.984500e-008,5.160425e+001
6.984750e-008,5.165596e+001
6.985000e-008,5.169855e+001
6.985250e-008,5.172639e+001
6.985500e-008,5.173854e+001
6.985750e-008,5.175889e+001
6.986000e-008,5.177547e+001
6.986250e-008,5.176737e+001
6.986500e-008,5.171697e+001
6.986750e-008,5.172964e+001
6.987000e-008,5.174057e+001
6.987250e-008,5.170942e+001
6.987500e-008,5.171121e+001
6.987750e-008,5.167483e+001
6.988000e-008,5.165998e+001
6.988250e-008,5.160130e+001
6.988500e-008,5.162830e+001
6.988750e-008,5.163489e+001
6.989000e-008,5.162921e+001
6.989250e-008,5.161562e+001
6.989500e-008,5.167053e+001
6.989750e-008,5.165298e+001
6.990000e-008,5.166316e+001
6.990250e-008,5.173020e+001
6.990500e-008,5.170009e+001
6.990750e-008,5.173687e+001
6.991000e-008,5.176278e+001
6.991250e-008,5.176160e+001
6.991500e-008,5.180764e+001
6.991750e-008,5.174658e+001
6.992000e-008,5.169295e+001
6.992250e-008,5.163689e+001
6.992500e-008,5.158267e+001
6.992750e-008,5.152301e+001
6.993000e-008,5.138492e+001
6.993250e-008,5.130119e+001
6.993500e-008,5.118116e+001
6.993750e-008,5.105841e+001
6.994000e-008,5.097105e+001
6.994250e-008,5.085409e+001
6.994500e-008,5.071662e+001
6.994750e-008,5.069516e+001
6.995000e-008,5.057635e+001
6.995250e-008,5.053269e+001
6.995500e-008,5.046257e+001
6.995750e-008,5.043459e+001
6.996000e-008,5.039048e+001
6.996250e-008,5.041339e+001
6.996500e-008,5.042184e+001
6.996750e-008,5.042220e+001
6.997000e-008,5.038434e+001
6.997250e-008,5.037910e+001
6.997500e-008,5.039576e+001
6.997750e-008,5.039691e+001
6.998000e-008,5.044660e+001
6.998250e-008,5.039350e+001
6.998500e-008,5.038733e+001
6.998750e-008,5.038276e+001
6.999000e-008,5.036753e+001
6.999250e-008,5.039074e+001
6.999500e-008,5.038981e+001
6.999750e-008,5.032127e+001
7.000000e-008,5.033042e+001
7.000250e-008,5.035316e+001
7.000500e-008,5.033052e+001
7.000750e-008,5.030147e+001
7.001000e-008,5.031901e+001
7.001250e-008,5.032215e+001
7.001500e-008,5.031977e+001
7.001750e-008,5.033937e+001
7.002000e-008,5.036389e+001
7.002250e-008,5.031231e+001
7.002500e-008,5.034115e+001
7.002750e-008,5.031571e+001
7.003000e-008,5.033387e+001
7.003250e-008,5.029817e+001
7.003500e-008,5.031081e+001
7.003750e-008,5.027778e+001
7.004000e-008,5.029379e+001
7.004250e-008,5.028213e+001
7.004500e-008,5.029605e+001
7.004750e-008,5.025066e+001
7.005000e-008,5.024554e+001
7.005250e-008,5.026515e+001
7.005500e-008,5.025413e+001
7.005750e-008,5.022375e+001
7.006000e-008,5.023628e+001
7.006250e-008,5.024207e+001
7.006500e-008,5.025781e+001
7.006750e-008,5.024883e+001
7.007000e-008,5.026002e+001
7.007250e-008,5.032051e+001
7.007500e-008,5.030014e+001
7.007750e-008,5.032410e+001
7.008000e-008,5.031680e+001
7.008250e-008,5.038105e+001
7.008500e-008,5.033587e+001
7.008750e-008,5.037957e+001
7.009000e-008,5.039238e+001
7.009250e-008,5.043435e+001
7.009500e-008,5.042468e+001
7.009750e-008,5.047258e+001
7.010000e-008,5.047571e+001
7.010250e-008,5.051617e+001
7.010500e-008,5.055870e+001
7.010750e-008,5.062017e+001
7.011000e-008,5.062718e+001
7.011250e-008,5.070867e+001
7.011500e-008,5.078813e+001
7.011750e-008,5.081199e+001
7.012000e-008,5.087257e+001
7.012250e-008,5.095003e+001
7.012500e-008,5.101341e+001
7.012750e-008,5.105426e+001
7.013000e-008,5.114386e+001
7.013250e-008,5.119043e+001
7.013500e-008,5.126595e+001
7.013750e-008,5.131683e+001
7.014000e-008,5.133519e+001
7.014250e-008,5.142349e+001
7.014500e-008,5.140547e+001
7.014750e-008,5.143621e+001
7.015000e-008,5.146088e+001
7.015250e-008,5.151001e+001
7.015500e-008,5.151346e+001
7.015750e-008,5.146949e+001
7.016000e-008,5.150711e+001
7.016250e-008,5.150339e+001
7.016500e-008,5.148572e+001
7.016750e-008,5.145473e+001
7.017000e-008,5.149360e+001
7.017250e-008,5.147674e+001
7.017500e-008,5.145843e+001
7.017750e-008,5.148672e+001
7.018000e-008,5.143285e+001
7.018250e-008,5.142539e+001
7.018500e-008,5.140442e+001
7.018750e-008,5.139582e+001
7.019000e-008,5.132774e+001
7.019250e-008,5.133723e+001
7.019500e-008,5.133960e+001
7.019750e-008,5.131103e+001
7.020000e-008,5.126496e+001
7.020250e-008,5.126993e+001
7.020500e-008,5.122491e+001
7.020750e-008,5.123002e+001
7.021000e-008,5.116823e+001
7.021250e-008,5.112543e+001
7.021500e-008,5.108075e+001
7.021750e-008,5.106401e+001
7.022000e-008,5.098929e+001
7.022250e-008,5.092072e+001
7.022500e-008,5.088209e+001
7.022750e-008,5.084028e+001
7.023000e-008,5.078083e+001
7.023250e-008,5.071914e+001
7.023500e-008,5.070510e+001
7.023750e-008,5.069113e+001
7.024000e-008,5.057245e+001
7.024250e-008,5.055858e+001
7.024500e-008,5.052643e+001
7.024750e-008,5.050135e+001
7.025000e-008,5.045458e+001
7.025250e-008,5.045458e+001
7.025500e-008,5.041801e+001
7.025750e-008,5.039110e+001
7.026000e-008,5.043845e+001
7.026250e-008,5.044040e+001
7.026500e-008,5.041322e+001
7.026750e-008,5.039298e+001
7.027000e-008,5.039691e+001
7.027250e-008,5.040938e+001
7.027500e-008,5.042801e+001
7.027750e-008,5.041162e+001
7.028000e-008,5.040081e+001
7.028250e-008,5.037803e+001
7.028500e-008,5.039207e+001
7.028750e-008,5.036092e+001
7.029000e-008,5.038833e+001
7.029250e-008,5.043066e+001
7.029500e-008,5.038695e+001
7.029750e-008,5.035326e+001
7.030000e-008,5.034752e+001
7.030250e-008,5.037327e+001
7.030500e-008,5.035466e+001
7.030750e-008,5.036829e+001
7.031000e-008,5.034039e+001
7.031250e-008,5.030820e+001
7.031500e-008,5.035937e+001
7.031750e-008,5.033083e+001
7.032000e-008,5.031623e+001
7.032250e-008,5.035916e+001
7.032500e-008,5.035863e+001
7.032750e-008,5.034783e+001
7.033000e-008,5.029978e+001
7.033250e-008,5.034029e+001
7.033500e-008,5.033195e+001
7.033750e-008,5.031186e+001
7.034000e-008,5.024411e+001
7.034250e-008,5.025128e+001
7.034500e-008,5.018348e+001
7.034750e-008,5.011716e+001
7.035000e-008,5.010397e+001
7.035250e-008,5.010617e+001
7.035500e-008,5.004679e+001
7.035750e-008,5.006670e+001
7.036000e-008,5.001654e+001
7.036250e-008,5.000640e+001
7.036500e-008,5.001531e+001
7.036750e-008,4.999816e+001
7.037000e-008,5.001209e+001
7.037250e-008,5.004715e+001
7.037500e-008,5.009512e+001
7.037750e-008,5.014075e+001
7.038000e-008,5.016269e+001
7.038250e-008,5.024364e+001
7.038500e-008,5.036284e+001
7.038750e-008,5.047015e+001
7.039000e-008,5.051178e+001
7.039250e-008,5.060116e+001
7.039500e-008,5.064830e+001
7.039750e-008,5.075584e+001
7.040000e-008,5.081564e+001
7.040250e-008,5.086918e+001
7.040500e-008,5.093629e+001
7.040750e-008,5.096436e+001
7.041000e-008,5.104017e+001
7.041250e-008,5.100095e+001
7.041500e-008,5.108913e+001
7.041750e-008,5.108394e+001
7.042000e-008,5.112257e+001
7.042250e-008,5.106905e+001
7.042500e-008,5.110564e+001
7.042750e-008,5.106618e+001
7.043000e-008,5.106905e+001
7.043250e-008,5.102850e+001
7.043500e-008,5.102112e+001
7.043750e-008,5.102095e+001
7.044000e-008,5.096614e+001
7.044250e-008,5.097527e+001
7.044500e-008,5.092938e+001
7.044750e-008,5.089284e+001
7.045000e-008,5.088983e+001
7.045250e-008,5.093607e+001
7.045500e-008,5.088036e+001
7.045750e-008,5.089880e+001
7.046000e-008,5.087606e+001
7.046250e-008,5.089976e+001
7.046500e-008,5.092522e+001
7.046750e-008,5.096720e+001
7.047000e-008,5.099851e+001
7.047250e-008,5.103655e+001
7.047500e-008,5.108643e+001
7.047750e-008,5.116361e+001
7.048000e-008,5.122108e+001
7.048250e-008,5.130357e+001
7.048500e-008,5.135508e+001
7.048750e-008,5.144639e+001
7.049000e-008,5.147929e+001
7.049250e-008,5.155854e+001
7.049500e-008,5.158918e+001
7.049750e-008,5.164407e+001
7.050000e-008,5.161688e+001
7.050250e-008,5.159686e+001
7.050500e-008,5.160386e+001
7.050750e-008,5.156451e+001
7.051000e-008,5.153019e+001
7.051250e-008,5.143305e+001
7.051500e-008,5.132862e+001
7.051750e-008,5.119788e+001
7.052000e-008,5.108722e+001
7.052250e-008,5.092127e+001
7.052500e-008,5.085325e+001
7.052750e-008,5.069552e+001
7.053000e-008,5.063129e+001
7.053250e-008,5.051677e+001
7.053500e-008,5.041017e+001
7.053750e-008,5.039345e+001
7.054000e-008,5.030941e+001
7.054250e-008,5.032148e+001
7.054500e-008,5.028177e+001
7.054750e-008,5.029791e+001
7.055000e-008,5.035699e+001
7.055250e-008,5.038736e+001
7.055500e-008,5.045048e+001
7.055750e-008,5.050161e+001
7.056000e-008,5.057769e+001
7.056250e-008,5.061202e+001
7.056500e-008,5.070313e+001
7.056750e-008,5.071516e+001
7.057000e-008,5.076634e+001
7.057250e-008,5.076942e+001
7.057500e-008,5.083720e+001
7.057750e-008,5.079951e+001
7.058000e-008,5.080692e+001
7.058250e-008,5.077963e+001
7.058500e-008,5.080467e+001
7.058750e-008,5.076402e+001
7.059000e-008,5.068364e+001
7.059250e-008,5.066826e+001
7.059500e-008,5.065644e+001
7.059750e-008,5.059765e+001
7.060000e-008,5.058089e+001
7.060250e-008,5.051851e+001
7.060500e-008,5.046688e+001
7.060750e-008,5.042417e+001
7.061000e-008,5.042713e+001
7.061250e-008,5.038453e+001
7.061500e-008,5.034614e+001
7.061750e-008,5.022548e+001
7.062000e-008,5.021770e+001
7.062250e-008,5.020759e+001
7.062500e-008,5.013257e+001
7.062750e-008,5.013118e+001
7.063000e-008,5.009642e+001
7.063250e-008,5.010622e+001
7.063500e-008,5.009699e+001
7.063750e-008,5.006791e+001
7.064000e-008,5.009450e+001
7.064250e-008,5.014788e+001
7.064500e-008,5.014553e+001
7.064750e-008,5.018125e+001
7.065000e-008,5.022759e+001
7.065250e-008,5.025657e+001
7.065500e-008,5.031725e+001
7.065750e-008,5.031889e+001
7.066000e-008,5.033630e+001
7.066250e-008,5.038526e+001
7.066500e-008,5.040383e+001
7.066750e-008,5.042734e+001
7.067000e-008,5.043137e+001
7.067250e-008,5.045280e+001
7.067500e-008,5.041662e+001
7.067750e-008,5.040805e+001
7.068000e-008,5.040534e+001
7.068250e-008,5.037529e+001
7.068500e-008,5.037546e+001
7.068750e-008,5.033651e+001
7.069000e-008,5.035918e+001
7.069250e-008,5.031785e+001
7.069500e-008,5.034700e+001
7.069750e-008,5.032503e+001
7.070000e-008,5.034883e+001
7.070250e-008,5.034391e+001
7.070500e-008,5.031930e+001
7.070750e-008,5.030121e+001
7.071000e-008,5.027327e+001
7.071250e-008,5.027059e+001
7.071500e-008,5.025885e+001
7.071750e-008,5.021760e+001
7.072000e-008,5.019531e+001
7.072250e-008,5.015224e+001
7.072500e-008,5.011751e+001
7.072750e-008,5.005923e+001
7.073000e-008,4.995457e+001
7.073250e-008,4.993001e+001
7.073500e-008,4.985760e+001
7.073750e-008,4.975221e+001
7.074000e-008,4.966841e+001
7.074250e-008,4.954870e+001
7.074500e-008,4.947331e+001
7.074750e-008,4.933810e+001
7.075000e-008,4.924234e+001
7.075250e-008,4.908790e+001
7.075500e-008,4.891970e+001
7.075750e-008,4.871332e+001
7.076000e-008,4.855387e+001
7.076250e-008,4.826747e+001
7.076500e-008,4.810457e+001
7.076750e-008,4.784552e+001
7.077000e-008,4.758005e+001
7.077250e-008,4.726919e+001
7.077500e-008,4.696113e+001
7.077750e-008,4.665109e+001
7.078000e-008,4.632247e+001
7.078250e-008,4.596241e+001
7.078500e-008,4.559326e+001
7.078750e-008,4.523416e+001
7.079000e-008,4.480228e+001
7.079250e-008,4.441463e+001
7.079500e-008,4.399044e+001
7.079750e-008,4.355578e+001
7.080000e-008,4.302427e+001
7.080250e-008,4.265554e+001
7.080500e-008,4.207793e+001
7.080750e-008,4.155685e+001
7.081000e-008,4.099658e+001
7.081250e-008,4.043498e+001
7.081500e-008,3.983777e+001
7.081750e-008,3.930589e+001
7.082000e-008,3.865924e+001
7.082250e-008,3.802356e+001
7.082500e-008,3.738890e+001
7.082750e-008,3.674885e+001
7.083000e-008,3.603361e+001
7.083250e-008,3.546990e+001
7.083500e-008,3.486620e+001
7.083750e-008,3.419475e+001
7.084000e-008,3.356068e+001
7.084250e-008,3.290275e+001
7.084500e-008,3.230713e+001
7.084750e-008,3.166489e+001
7.085000e-008,3.098998e+001
7.085250e-008,3.044258e+001
7.085500e-008,2.979684e+001
7.085750e-008,2.917533e+001
7.086000e-008,2.858396e+001
7.086250e-008,2.790296e+001
7.086500e-008,2.726173e+001
7.086750e-008,2.665508e+001
7.087000e-008,2.600854e+001
7.087250e-008,2.545994e+001
7.087500e-008,2.488644e+001
7.087750e-008,2.418697e+001
7.088000e-008,2.349856e+001
7.088250e-008,2.292807e+001
7.088500e-008,2.228314e+001
7.088750e-008,2.171054e+001
7.089000e-008,2.110836e+001
7.089250e-008,2.044874e+001
7.089500e-008,1.990361e+001
7.089750e-008,1.935407e+001
7.090000e-008,1.877174e+001
7.090250e-008,1.823061e+001
7.090500e-008,1.771770e+001
7.090750e-008,1.720955e+001
7.091000e-008,1.666636e+001
7.091250e-008,1.621191e+001
7.091500e-008,1.573906e+001
7.091750e-008,1.529732e+001
7.092000e-008,1.487159e+001
7.092250e-008,1.444081e+001
7.092500e-008,1.401066e+001
7.092750e-008,1.365198e+001
7.093000e-008,1.324380e+001
7.093250e-008,1.291159e+001
7.093500e-008,1.258217e+001
7.093750e-008,1.223633e+001
7.094000e-008,1.196363e+001
7.094250e-008,1.167276e+001
7.094500e-008,1.137461e+001
7.094750e-008,1.109744e+001
7.095000e-008,1.086260e+001
7.095250e-008,1.059542e+001
7.095500e-008,1.035665e+001
7.095750e-008,1.015492e+001
7.096000e-008,9.923898e+000
7.096250e-008,9.703574e+000
7.096500e-008,9.470542e+000
7.096750e-008,9.302357e+000
7.097000e-008,9.101345e+000
7.097250e-008,8.915195e+000
7.097500e-008,8.741343e+000
7.097750e-008,8.561215e+000
7.098000e-008,8.399899e+000
7.098250e-008,8.257207e+000
7.098500e-008,8.119616e+000
7.098750e-008,8.014481e+000
7.099000e-008,7.893327e+000
7.099250e-008,7.782105e+000
7.099500e-008,7.700557e+000
7.099750e-008,7.620466e+000
7.100000e-008,7.553034e+000
7.100250e-008,7.500863e+000
7.100500e-008,7.472646e+000
7.100750e-008,7.431018e+000
7.101000e-008,7.419528e+000
7.101250e-008,7.404467e+000
7.101500e-008,7.389267e+000
7.101750e-008,7.406329e+000
7.102000e-008,7.398103e+000
7.102250e-008,7.420784e+000
7.102500e-008,7.424812e+000
7.102750e-008,7.434216e+000
7.103000e-008,7.437073e+000
7.103250e-008,7.450294e+000
7.103500e-008,7.455087e+000
7.103750e-008,7.454659e+000
7.104000e-008,7.446319e+000
7.104250e-008,7.453106e+000
7.104500e-008,7.439044e+000
7.104750e-008,7.438236e+000
7.105000e-008,7.424563e+000
7.105250e-008,7.431081e+000
7.105500e-008,7.413928e+000
7.105750e-008,7.391584e+000
7.106000e-008,7.383898e+000
7.106250e-008,7.377878e+000
7.106500e-008,7.367547e+000
7.106750e-008,7.349062e+000
7.107000e-008,7.316193e+000
7.107250e-008,7.315305e+000
7.107500e-008,7.286759e+000
7.107750e-008,7.266089e+000
7.108000e-008,7.228930e+000
7.108250e-008,7.196523e+000
7.108500e-008,7.159749e+000
7.108750e-008,7.130200e+000
7.109000e-008,7.074259e+000
7.109250e-008,7.037336e+000
7.109500e-008,6.980814e+000
7.109750e-008,6.931266e+000
7.110000e-008,6.865916e+000
7.110250e-008,6.819887e+000
7.110500e-008,6.750089e+000
7.110750e-008,6.687234e+000
7.111000e-008,6.619436e+000
7.111250e-008,6.555675e+000
7.111500e-008,6.454019e+000
7.111750e-008,6.394006e+000
7.112000e-008,6.313375e+000
7.112250e-008,6.219900e+000
7.112500e-008,6.139368e+000
7.112750e-008,6.056981e+000
7.113000e-008,5.972952e+000
7.113250e-008,5.874278e+000
7.113500e-008,5.789310e+000
7.113750e-008,5.683093e+000
7.114000e-008,5.594702e+000
7.114250e-008,5.530533e+000
7.114500e-008,5.436686e+000
7.114750e-008,5.356689e+000
7.115000e-008,5.261023e+000
7.115250e-008,5.183104e+000
7.115500e-008,5.086221e+000
7.115750e-008,5.024406e+000
7.116000e-008,4.949583e+000
7.116250e-008,4.873668e+000
7.116500e-008,4.791263e+000
7.116750e-008,4.720061e+000
7.117000e-008,4.660109e+000
7.117250e-008,4.593439e+000
7.117500e-008,4.534228e+000
7.117750e-008,4.474321e+000
7.118000e-008,4.415633e+000
7.118250e-008,4.361707e+000
7.118500e-008,4.313409e+000
7.118750e-008,4.265654e+000
7.119000e-008,4.236254e+000
7.119250e-008,4.189941e+000
7.119500e-008,4.156436e+000
7.119750e-008,4.112655e+000
7.120000e-008,4.087700e+000
7.120250e-008,4.068238e+000
7.120500e-008,4.049566e+000
7.120750e-008,4.029942e+000
7.121000e-008,4.021835e+000
7.121250e-008,4.016380e+000
7.121500e-008,4.020956e+000
7.121750e-008,4.019406e+000
7.122000e-008,4.024409e+000
7.122250e-008,4.033889e+000
7.122500e-008,4.045323e+000
7.122750e-008,4.072101e+000
7.123000e-008,4.083386e+000
7.123250e-008,4.100181e+000
7.123500e-008,4.113433e+000
7.123750e-008,4.150581e+000
7.124000e-008,4.164168e+000
7.124250e-008,4.189926e+000
7.124500e-008,4.204716e+000
7.124750e-008,4.238585e+000
7.125000e-008,4.258274e+000
7.125250e-008,4.278386e+000
7.125500e-008,4.301098e+000
7.125750e-008,4.324497e+000
7.126000e-008,4.348367e+000
7.126250e-008,4.382028e+000
7.126500e-008,4.391898e+000
7.126750e-008,4.414609e+000
7.127000e-008,4.449615e+000
7.127250e-008,4.460864e+000
7.127500e-008,4.467672e+000
7.127750e-008,4.491669e+000
7.128000e-008,4.508901e+000
7.128250e-008,4.531962e+000
7.128500e-008,4.524536e+000
7.128750e-008,4.543665e+000
7.129000e-008,4.543951e+000
7.129250e-008,4.559235e+000
7.129500e-008,4.562169e+000
7.129750e-008,4.563513e+000
7.130000e-008,4.558542e+000
7.130250e-008,4.550207e+000
7.130500e-008,4.544497e+000
7.130750e-008,4.534864e+000
7.131000e-008,4.510418e+000
7.131250e-008,4.504897e+000
7.131500e-008,4.499966e+000
7.131750e-008,4.486327e+000
7.132000e-008,4.465328e+000
7.132250e-008,4.434733e+000
7.132500e-008,4.419290e+000
7.132750e-008,4.400450e+000
7.133000e-008,4.371792e+000
7.133250e-008,4.339179e+000
7.133500e-008,4.317315e+000
7.133750e-008,4.277700e+000
7.134000e-008,4.232851e+000
7.134250e-008,4.206996e+000
7.134500e-008,4.155442e+000
7.134750e-008,4.111168e+000
7.135000e-008,4.055345e+000
7.135250e-008,4.012991e+000
7.135500e-008,3.954701e+000
7.135750e-008,3.891620e+000
7.136000e-008,3.834520e+000
7.136250e-008,3.775671e+000
7.136500e-008,3.714402e+000
7.136750e-008,3.666291e+000
7.137000e-008,3.596549e+000
7.137250e-008,3.563696e+000
7.137500e-008,3.495501e+000
7.137750e-008,3.452337e+000
7.138000e-008,3.414369e+000
7.138250e-008,3.360240e+000
7.138500e-008,3.317429e+000
7.138750e-008,3.284626e+000
7.139000e-008,3.251922e+000
7.139250e-008,3.225480e+000
7.139500e-008,3.193249e+000
7.139750e-008,3.177659e+000
7.140000e-008,3.160931e+000
7.140250e-008,3.143474e+000
7.140500e-008,3.130119e+000
7.140750e-008,3.108127e+000
7.141000e-008,3.095126e+000
7.141250e-008,3.091389e+000
7.141500e-008,3.080748e+000
7.141750e-008,3.077820e+000
7.142000e-008,3.083669e+000
7.142250e-008,3.069694e+000
7.142500e-008,3.067575e+000
7.142750e-008,3.081192e+000
7.143000e-008,3.080238e+000
7.143250e-008,3.089036e+000
7.143500e-008,3.095099e+000
7.143750e-008,3.102478e+000
7.144000e-008,3.115602e+000
7.144250e-008,3.138024e+000
7.144500e-008,3.157336e+000
7.144750e-008,3.174350e+000
7.145000e-008,3.195491e+000
7.145250e-008,3.219487e+000
7.145500e-008,3.255917e+000
7.145750e-008,3.276990e+000
7.146000e-008,3.304139e+000
7.146250e-008,3.351727e+000
7.146500e-008,3.381659e+000
7.146750e-008,3.415796e+000
7.147000e-008,3.449905e+000
7.147250e-008,3.488295e+000
7.147500e-008,3.526255e+000
7.147750e-008,3.559224e+000
7.148000e-008,3.599271e+000
7.148250e-008,3.635794e+000
7.148500e-008,3.673220e+000
7.148750e-008,3.702918e+000
7.149000e-008,3.741701e+000
7.149250e-008,3.779535e+000
7.149500e-008,3.815337e+000
7.149750e-008,3.861596e+000
7.150000e-008,3.892665e+000
7.150250e-008,3.934126e+000
7.150500e-008,3.960000e+000
7.150750e-008,3.999302e+000
7.151000e-008,4.021478e+000
7.151250e-008,4.056980e+000
7.151500e-008,4.094656e+000
7.151750e-008,4.111299e+000
7.152000e-008,4.132618e+000
7.152250e-008,4.155064e+000
7.152500e-008,4.173441e+000
7.152750e-008,4.201047e+000
7.153000e-008,4.211177e+000
7.153250e-008,4.223806e+000
7.153500e-008,4.233439e+000
7.153750e-008,4.223654e+000
7.154000e-008,4.223584e+000
7.154250e-008,4.230866e+000
7.154500e-008,4.214785e+000
7.154750e-008,4.202767e+000
7.155000e-008,4.190154e+000
7.155250e-008,4.182346e+000
7.155500e-008,4.158325e+000
7.155750e-008,4.132287e+000
7.156000e-008,4.120968e+000
7.156250e-008,4.100457e+000
7.156500e-008,4.074021e+000
7.156750e-008,4.048063e+000
7.157000e-008,4.017471e+000
7.157250e-008,4.003245e+000
7.157500e-008,3.960356e+000
7.157750e-008,3.938100e+000
7.158000e-008,3.922957e+000
7.158250e-008,3.884512e+000
7.158500e-008,3.867353e+000
7.158750e-008,3.843968e+000
7.159000e-008,3.813539e+000
7.159250e-008,3.781445e+000
7.159500e-008,3.750171e+000
7.159750e-008,3.731489e+000
7.160000e-008,3.704363e+000
7.160250e-008,3.677514e+000
7.160500e-008,3.639372e+000
7.160750e-008,3.621823e+000
7.161000e-008,3.590403e+000
7.161250e-008,3.556776e+000
7.161500e-008,3.521755e+000
7.161750e-008,3.496154e+000
7.162000e-008,3.459580e+000
7.162250e-008,3.430890e+000
7.162500e-008,3.391798e+000
7.162750e-008,3.341281e+000
7.163000e-008,3.316054e+000
7.163250e-008,3.267896e+000
7.163500e-008,3.224941e+000
7.163750e-008,3.199996e+000
7.164000e-008,3.143004e+000
7.164250e-008,3.109838e+000
7.164500e-008,3.073761e+000
7.164750e-008,3.051114e+000
7.165000e-008,3.003100e+000
7.165250e-008,2.979313e+000
7.165500e-008,2.962551e+000
7.165750e-008,2.936508e+000
7.166000e-008,2.916422e+000
7.166250e-008,2.898568e+000
7.166500e-008,2.889274e+000
7.166750e-008,2.883862e+000
7.167000e-008,2.868462e+000
7.167250e-008,2.877413e+000
7.167500e-008,2.883862e+000
7.167750e-008,2.882949e+000
7.168000e-008,2.882829e+000
7.168250e-008,2.894574e+000
7.168500e-008,2.903719e+000
7.168750e-008,2.907898e+000
7.169000e-008,2.930625e+000
7.169250e-008,2.925903e+000
7.169500e-008,2.939011e+000
7.169750e-008,2.950275e+000
7.170000e-008,2.956906e+000
7.170250e-008,2.971758e+000
7.170500e-008,2.984777e+000
7.170750e-008,2.984382e+000
7.171000e-008,2.999116e+000
7.171250e-008,2.997856e+000
7.171500e-008,3.016035e+000
7.171750e-008,3.013901e+000
7.172000e-008,3.032243e+000
7.172250e-008,3.031562e+000
7.172500e-008,3.055488e+000
7.172750e-008,3.052603e+000
7.173000e-008,3.060783e+000
7.173250e-008,3.073680e+000
7.173500e-008,3.087950e+000
7.173750e-008,3.085954e+000
7.174000e-008,3.096804e+000
7.174250e-008,3.124152e+000
7.174500e-008,3.125945e+000
7.174750e-008,3.147672e+000
7.175000e-008,3.175379e+000
7.175250e-008,3.189138e+000
7.175500e-008,3.214492e+000
7.175750e-008,3.231242e+000
7.176000e-008,3.242576e+000
7.176250e-008,3.275509e+000
7.176500e-008,3.304459e+000
7.176750e-008,3.326127e+000
7.177000e-008,3.338766e+000
7.177250e-008,3.365576e+000
7.177500e-008,3.388600e+000
7.177750e-008,3.421608e+000
7.178000e-008,3.422600e+000
7.178250e-008,3.436314e+000
7.178500e-008,3.461851e+000
7.178750e-008,3.467195e+000
7.179000e-008,3.485496e+000
7.179250e-008,3.484514e+000
7.179500e-008,3.498898e+000
7.179750e-008,3.509951e+000
7.180000e-008,3.502600e+000
7.180250e-008,3.517500e+000
7.180500e-008,3.520590e+000
7.180750e-008,3.520234e+000
7.181000e-008,3.528923e+000
7.181250e-008,3.527819e+000
7.181500e-008,3.520839e+000
7.181750e-008,3.514078e+000
7.182000e-008,3.511937e+000
7.182250e-008,3.507487e+000
7.182500e-008,3.507333e+000
7.182750e-008,3.499821e+000
7.183000e-008,3.495675e+000
7.183250e-008,3.487696e+000
7.183500e-008,3.480224e+000
7.183750e-008,3.487904e+000
7.184000e-008,3.479047e+000
7.184250e-008,3.475510e+000
7.184500e-008,3.465635e+000
7.184750e-008,3.463121e+000
7.185000e-008,3.476593e+000
7.185250e-008,3.464970e+000
7.185500e-008,3.463142e+000
7.185750e-008,3.470884e+000
7.186000e-008,3.463915e+000
7.186250e-008,3.447984e+000
7.186500e-008,3.446002e+000
7.186750e-008,3.441900e+000
7.187000e-008,3.435783e+000
7.187250e-008,3.419943e+000
7.187500e-008,3.426151e+000
7.187750e-008,3.398299e+000
7.188000e-008,3.388272e+000
7.188250e-008,3.383857e+000
7.188500e-008,3.372060e+000
7.188750e-008,3.363876e+000
7.189000e-008,3.354363e+000
7.189250e-008,3.328267e+000
7.189500e-008,3.326775e+000
7.189750e-008,3.313120e+000
7.190000e-008,3.300425e+000
7.190250e-008,3.291136e+000
7.190500e-008,3.278673e+000
7.190750e-008,3.266655e+000
7.191000e-008,3.261292e+000
7.191250e-008,3.240497e+000
7.191500e-008,3.229536e+000
7.191750e-008,3.218435e+000
7.192000e-008,3.192385e+000
7.192250e-008,3.178471e+000
7.192500e-008,3.153630e+000
7.192750e-008,3.147870e+000
7.193000e-008,3.121909e+000
7.193250e-008,3.105754e+000
7.193500e-008,3.077058e+000
7.193750e-008,3.060862e+000
7.194000e-008,3.028660e+000
7.194250e-008,3.009526e+000
7.194500e-008,2.991603e+000
7.194750e-008,2.965386e+000
7.195000e-008,2.940752e+000
7.195250e-008,2.928934e+000
7.195500e-008,2.919535e+000
7.195750e-008,2.909984e+000
7.196000e-008,2.899799e+000
7.196250e-008,2.867068e+000
7.196500e-008,2.878629e+000
7.196750e-008,2.873075e+000
7.197000e-008,2.862738e+000
7.197250e-008,2.854653e+000
7.197500e-008,2.853537e+000
7.197750e-008,2.848321e+000
7.198000e-008,2.851985e+000
7.198250e-008,2.839217e+000
7.198500e-008,2.842072e+000
7.198750e-008,2.843338e+000
7.199000e-008,2.821015e+000
7.199250e-008,2.824537e+000
7.199500e-008,2.819106e+000
7.199750e-008,2.817880e+000
7.200000e-008,2.804589e+000
7.200250e-008,2.793172e+000
7.200500e-008,2.780640e+000
7.200750e-008,2.773921e+000
7.201000e-008,2.764651e+000
7.201250e-008,2.754967e+000
7.201500e-008,2.739052e+000
7.201750e-008,2.732581e+000
7.202000e-008,2.739197e+000
7.202250e-008,2.729240e+000
7.202500e-008,2.718189e+000
7.202750e-008,2.723639e+000
7.203000e-008,2.727115e+000
7.203250e-008,2.717184e+000
7.203500e-008,2.731267e+000
7.203750e-008,2.734619e+000
7.204000e-008,2.738190e+000
7.204250e-008,2.755249e+000
7.204500e-008,2.773456e+000
7.204750e-008,2.795058e+000
7.205000e-008,2.802210e+000
7.205250e-008,2.826414e+000
7.205500e-008,2.849393e+000
7.205750e-008,2.872904e+000
7.206000e-008,2.905135e+000
7.206250e-008,2.922274e+000
7.206500e-008,2.952529e+000
7.206750e-008,2.962703e+000
7.207000e-008,2.982408e+000
7.207250e-008,3.011668e+000
7.207500e-008,3.025599e+000
7.207750e-008,3.030279e+000
7.208000e-008,3.047793e+000
7.208250e-008,3.045048e+000
7.208500e-008,3.067820e+000
7.208750e-008,3.072369e+000
7.209000e-008,3.057216e+000
7.209250e-008,3.054091e+000
7.209500e-008,3.051822e+000
7.209750e-008,3.061531e+000
7.210000e-008,3.053629e+000
7.210250e-008,3.057374e+000
7.210500e-008,3.042547e+000
7.210750e-008,3.043453e+000
7.211000e-008,3.050306e+000
7.211250e-008,3.063749e+000
7.211500e-008,3.059922e+000
7.211750e-008,3.070012e+000
7.212000e-008,3.078568e+000
7.212250e-008,3.095159e+000
7.212500e-008,3.115502e+000
7.212750e-008,3.122129e+000
7.213000e-008,3.139286e+000
7.213250e-008,3.151065e+000
7.213500e-008,3.169025e+000
7.213750e-008,3.197247e+000
7.214000e-008,3.196016e+000
7.214250e-008,3.205273e+000
7.214500e-008,3.225173e+000
7.214750e-008,3.222975e+000
7.215000e-008,3.222297e+000
7.215250e-008,3.215624e+000
7.215500e-008,3.219166e+000
7.215750e-008,3.211762e+000
7.216000e-008,3.209919e+000
7.216250e-008,3.200348e+000
7.216500e-008,3.191891e+000
7.216750e-008,3.186864e+000
7.217000e-008,3.183718e+000
7.217250e-008,3.170161e+000
7.217500e-008,3.162658e+000
7.217750e-008,3.140049e+000
7.218000e-008,3.115721e+000
7.218250e-008,3.115170e+000
7.218500e-008,3.103778e+000
7.218750e-008,3.086279e+000
7.219000e-008,3.053582e+000
7.219250e-008,3.049791e+000
7.219500e-008,3.027523e+000
7.219750e-008,3.015698e+000
7.220000e-008,2.991861e+000
7.220250e-008,2.981815e+000
7.220500e-008,2.972978e+000
7.220750e-008,2.959326e+000
7.221000e-008,2.935296e+000
7.221250e-008,2.930771e+000
7.221500e-008,2.908866e+000
7.221750e-008,2.893806e+000
7.222000e-008,2.883270e+000
7.222250e-008,2.877563e+000
7.222500e-008,2.850495e+000
7.222750e-008,2.839118e+000
7.223000e-008,2.832076e+000
7.223250e-008,2.814640e+000
7.223500e-008,2.791508e+000
7.223750e-008,2.770923e+000
7.224000e-008,2.757165e+000
7.224250e-008,2.745456e+000
7.224500e-008,2.726690e+000
7.224750e-008,2.710024e+000
